{
  "field": "content",
  "initial_method": "FAISS-BGE",
  "reranker": "cross-encoder/ms-marco-MiniLM-L-6-v2",
  "top_k": 10,
  "num_queries": 10,
  "avg_reranking_time": 0.6678183555603028,
  "results": [
    {
      "query_id": 1,
      "query": "What are the procedures for presidential elections when the office becomes vacant?",
      "category": "Constitutional Law",
      "initial_indices": [
        0,
        106,
        4662,
        5062,
        116,
        5664,
        5712,
        2,
        5578,
        6381
      ],
      "initial_scores": [
        0.6697098016738892,
        0.6642224788665771,
        0.6568734645843506,
        0.6564325094223022,
        0.6541646718978882,
        0.6536862850189209,
        0.6527919173240662,
        0.651024580001831,
        0.6434508562088013,
        0.6402482986450195
      ],
      "reranked_indices": [
        0,
        5062,
        5664,
        2,
        5578,
        6381,
        106,
        4662,
        116,
        5712
      ],
      "reranked_scores": [
        2.805720329284668,
        0.8611985445022583,
        0.24986979365348816,
        0.1777479648590088,
        -2.761686325073242,
        -2.8162097930908203,
        -4.642514705657959,
        -4.716708183288574,
        -4.947810173034668,
        -6.447824001312256
      ],
      "reranking_time": 0.662372350692749
    },
    {
      "query_id": 2,
      "query": "What are the tax obligations and payment requirements for businesses with quarterly turnover?",
      "category": "Tax Law",
      "initial_indices": [
        2229,
        5775,
        11,
        3274,
        17,
        3266,
        484,
        5218,
        1280,
        2263
      ],
      "initial_scores": [
        0.7085957527160645,
        0.6813668012619019,
        0.6796507835388184,
        0.6790162324905396,
        0.6773059964179993,
        0.6744176745414734,
        0.6732855439186096,
        0.6709964275360107,
        0.6703940629959106,
        0.6699247360229492
      ],
      "reranked_indices": [
        2229,
        3266,
        484,
        3274,
        11,
        5775,
        5218,
        2263,
        1280,
        17
      ],
      "reranked_scores": [
        -1.3894038200378418,
        -1.997649908065796,
        -2.3006398677825928,
        -2.6190245151519775,
        -2.800906181335449,
        -3.355886459350586,
        -3.3983194828033447,
        -3.985194444656372,
        -5.411316871643066,
        -5.632850646972656
      ],
      "reranking_time": 0.642143726348877
    },
    {
      "query_id": 3,
      "query": "What are the penalty provisions for bribery and undue influence in elections?",
      "category": "Electoral Law",
      "initial_indices": [
        3,
        185,
        123,
        82,
        186,
        1615,
        119,
        189,
        1613,
        121
      ],
      "initial_scores": [
        0.7530128955841064,
        0.7205567359924316,
        0.7049788236618042,
        0.6944800615310669,
        0.6943230628967285,
        0.6862146854400635,
        0.6861992478370667,
        0.6860243082046509,
        0.6830509901046753,
        0.6821779012680054
      ],
      "reranked_indices": [
        3,
        123,
        82,
        121,
        1615,
        186,
        185,
        189,
        119,
        1613
      ],
      "reranked_scores": [
        6.43486213684082,
        4.265795707702637,
        2.9446280002593994,
        2.518354892730713,
        0.7763820290565491,
        0.13336952030658722,
        -0.1770240217447281,
        -0.3754962682723999,
        -1.9287383556365967,
        -2.396571397781372
      ],
      "reranking_time": 0.6567487716674805
    },
    {
      "query_id": 4,
      "query": "What is the process for filing appeals to the Board of Review and Court of Appeal?",
      "category": "Procedural Law",
      "initial_indices": [
        3181,
        1863,
        3185,
        3182,
        15,
        3180,
        3186,
        4901,
        5275,
        5787
      ],
      "initial_scores": [
        0.6591073870658875,
        0.6549266576766968,
        0.6483311653137207,
        0.6459662914276123,
        0.640232264995575,
        0.6397330164909363,
        0.6386587619781494,
        0.6269340515136719,
        0.6214239597320557,
        0.6200974583625793
      ],
      "reranked_indices": [
        3181,
        3186,
        4901,
        3185,
        15,
        3182,
        1863,
        5275,
        5787,
        3180
      ],
      "reranked_scores": [
        0.405154287815094,
        -0.3472611606121063,
        -0.6986611485481262,
        -0.7797800302505493,
        -0.9724529981613159,
        -1.2661889791488647,
        -1.8935670852661133,
        -2.295865535736084,
        -3.1757705211639404,
        -4.591269493103027
      ],
      "reranking_time": 0.7083029747009277
    },
    {
      "query_id": 5,
      "query": "What are the voting procedures and ballot requirements for parliamentary elections?",
      "category": "Electoral Law",
      "initial_indices": [
        130,
        1,
        2307,
        5019,
        172,
        140,
        170,
        107,
        74,
        95
      ],
      "initial_scores": [
        0.6976724863052368,
        0.6794238090515137,
        0.6691471338272095,
        0.6655296683311462,
        0.6639772653579712,
        0.6625886559486389,
        0.662485659122467,
        0.6598352193832397,
        0.6595861911773682,
        0.6578493118286133
      ],
      "reranked_indices": [
        130,
        1,
        170,
        74,
        107,
        2307,
        140,
        172,
        5019,
        95
      ],
      "reranked_scores": [
        -0.5888481140136719,
        -0.9966225624084473,
        -1.5460628271102905,
        -1.7288264036178589,
        -2.1664249897003174,
        -2.428678035736084,
        -3.0069313049316406,
        -3.6486802101135254,
        -7.299135208129883,
        -9.107377052307129
      ],
      "reranking_time": 0.7155449390411377
    },
    {
      "query_id": 6,
      "query": "How are taxes assessed and collected, and what powers do assessors have?",
      "category": "Tax Law",
      "initial_indices": [
        3210,
        1680,
        1685,
        27,
        1674,
        9,
        3130,
        1485,
        3177,
        3175
      ],
      "initial_scores": [
        0.620659589767456,
        0.6014164090156555,
        0.5873756408691406,
        0.583609938621521,
        0.5811407566070557,
        0.5808727741241455,
        0.5797337889671326,
        0.5779603719711304,
        0.5767416954040527,
        0.5762749910354614
      ],
      "reranked_indices": [
        3210,
        1680,
        3177,
        3175,
        27,
        3130,
        1674,
        1685,
        9,
        1485
      ],
      "reranked_scores": [
        0.030976636335253716,
        -1.9962527751922607,
        -3.189452648162842,
        -3.2960410118103027,
        -4.384344577789307,
        -4.424831867218018,
        -4.626766204833984,
        -6.216537952423096,
        -6.6356306076049805,
        -8.652660369873047
      ],
      "reranking_time": 0.6612961292266846
    },
    {
      "query_id": 7,
      "query": "What are the establishment provisions and governance structure of the Defence Academy?",
      "category": "Administrative Law",
      "initial_indices": [
        5,
        4892,
        4891,
        3505,
        7,
        8,
        4895,
        2639,
        6,
        6004
      ],