{
  "field": "metadata",
  "initial_method": "BM25",
  "reranker": "cross-encoder/ms-marco-MiniLM-L-6-v2",
  "top_k": 10,
  "num_queries": 10,
  "avg_reranking_time": 0.25628798007965087,
  "results": [
    {
      "query_id": 1,
      "query": "What are the procedures for presidential elections when the office becomes vacant?",
      "category": "Constitutional Law",
      "initial_indices": [
        0,
        136,
        116,
        2,
        141,
        129,
        126,
        111,
        2304,
        6579
      ],
      "initial_scores": [
        35.41268985675067,
        25.893106116882663,
        25.078599424049447,
        24.819403893909637,
        24.77983797617528,
        23.64008468429022,
        23.565795641866497,
        23.421916265616982,
        23.143478861118677,
        22.909032477077947
      ],
      "reranked_indices": [
        0,
        2,
        116,
        136,
        111,
        126,
        141,
        129,
        2304,
        6579
      ],
      "reranked_scores": [
        7.459676265716553,
        5.389349460601807,
        1.7655075788497925,
        0.6894187331199646,
        -0.1492253839969635,
        -1.4638015031814575,
        -4.422293663024902,
        -4.472729206085205,
        -8.318214416503906,
        -8.797652244567871
      ],
      "reranking_time": 0.24689912796020508
    },
    {
      "query_id": 2,
      "query": "What are the tax obligations and payment requirements for businesses with quarterly turnover?",
      "category": "Tax Law",
      "initial_indices": [
        3132,
        9,
        13,
        3269,
        2228,
        3133,
        1678,
        6647,
        2954,
        2039
      ],
      "initial_scores": [
        33.04334635707693,
        30.48263582217168,
        28.310657198889622,
        27.256949719377083,
        26.596026134295784,
        25.283133037014597,
        25.082393483336972,
        24.928381320124576,
        23.488550153201455,
        23.406684219062498
      ],
      "reranked_indices": [
        3269,
        13,
        9,
        2228,
        3132,
        3133,
        2954,
        6647,
        2039,
        1678
      ],
      "reranked_scores": [
        4.158710956573486,
        2.847346782684326,
        2.6892647743225098,
        0.6841093301773071,
        -1.3486263751983643,
        -2.2231035232543945,
        -3.030508279800415,
        -3.6724164485931396,
        -3.924349308013916,
        -6.946935176849365
      ],
      "reranking_time": 0.24169230461120605
    },
    {
      "query_id": 3,
      "query": "What are the penalty provisions for bribery and undue influence in elections?",
      "category": "Electoral Law",
      "initial_indices": [
        1613,
        82,
        185,
        121,
        3,
        184,
        81,
        6021,
        5906,
        186
      ],
      "initial_scores": [
        34.37511347965704,
        30.916824567285502,
        30.38558907579139,
        28.510582422226854,
        25.765671079338823,
        24.554638009383673,
        22.93690075227592,
        22.735214824322085,
        19.460040559257994,
        19.429095083490168
      ],
      "reranked_indices": [
        3,
        82,
        185,
        1613,
        121,
        186,
        184,
        81,
        5906,
        6021
      ],
      "reranked_scores": [
        7.938315391540527,
        6.847423553466797,
        6.314328193664551,
        6.255462646484375,
        5.937382698059082,
        5.702910900115967,
        3.2648732662200928,
        1.7350053787231445,
        -5.711475372314453,
        -7.631682395935059
      ],
      "reranking_time": 0.31895971298217773
    },
    {
      "query_id": 4,
      "query": "What is the process for filing appeals to the Board of Review and Court of Appeal?",
      "category": "Procedural Law",
      "initial_indices": [
        3188,
        5787,
        3182,
        4901,
        5706,
        6016,
        3180,
        2871,
        3181,
        1681
      ],
      "initial_scores": [
        43.43433541957056,
        42.663427269500254,
        39.053833797846565,
        38.88437485148898,
        38.30084688629238,
        37.65181120636012,
        37.27287265054509,
        37.259241616622504,
        35.52177242253893,
        35.51945309146273
      ],
      "reranked_indices": [
        3182,
        3180,
        5787,
        5706,
        3181,
        4901,
        2871,
        3188,
        6016,
        1681
      ],
      "reranked_scores": [
        5.258017539978027,
        2.38454532623291,
        1.2707879543304443,
        0.6089916229248047,
        0.077870674431324,
        -1.6270270347595215,
        -2.3044347763061523,
        -2.333362579345703,
        -3.8777475357055664,
        -5.86749792098999
      ],
      "reranking_time": 0.26081037521362305
    },
    {
      "query_id": 5,
      "query": "What are the voting procedures and ballot requirements for parliamentary elections?",
      "category": "Electoral Law",
      "initial_indices": [
        111,
        196,
        73,
        90,
        199,
        110,
        1,
        108,
        113,
        136
      ],
      "initial_scores": [
        31.47845385588972,
        29.10865111384054,
        28.1256319541129,
        26.363719028667887,
        25.02864630334165,
        24.407273929093286,
        24.31235646404099,
        23.727874966787233,
        23.718040607585753,
        23.628390827326868
      ],
      "reranked_indices": [
        1,
        111,
        199,
        113,
        108,
        73,
        136,
        110,
        196,
        90
      ],
      "reranked_scores": [
        2.6973466873168945,
        2.487562417984009,
        2.233663320541382,
        2.0673511028289795,
        1.7372539043426514,
        1.7371621131896973,
        1.1876717805862427,
        0.8221117258071899,
        0.2083316445350647,
        -1.4425511360168457
      ],
      "reranking_time": 0.2452375888824463
    },
    {
      "query_id": 6,
      "query": "How are taxes assessed and collected, and what powers do assessors have?",
      "category": "Tax Law",
      "initial_indices": [
        3173,
        5803,
        4769,
        3114,
        3225,
        2778,
        3063,
        4767,
        6199,
        5399
      ],
      "initial_scores": [
        23.147236001544798,
        21.417098900407467,
        20.638745723442604,
        19.368657800213292,
        19.282659050779174,
        18.499939655535407,
        18.348865954791474,
        16.839007355189185,
        16.483871149639974,
        16.305705803541585
      ],
      "reranked_indices": [
        3173,
        4769,
        3225,
        5399,
        2778,
        4767,
        6199,
        3063,
        3114,
        5803
      ],
      "reranked_scores": [
        -0.7528868913650513,
        -4.645120143890381,
        -6.0668816566467285,
        -8.304131507873535,
        -8.55033016204834,
        -9.522468566894531,
        -10.018255233764648,
        -10.186562538146973,
        -10.244094848632812,
        -11.061300277709961
      ],
      "reranking_time": 0.25057363510131836
    },
    {
      "query_id": 7,
      "query": "What are the establishment provisions and governance structure of the Defence Academy?",
      "category": "Administrative Law",
      "initial_indices": [
        5,
        4329,
        716,
        4331,
        4327,
        571,
        537,
        834,
        959,
        4300
      ],