{
  "field": "content",
  "initial_method": "FAISS-LegalBERT",
  "reranker": "cross-encoder/ms-marco-MiniLM-L-6-v2",
  "top_k": 10,
  "num_queries": 10,
  "avg_reranking_time": 0.6726655006408692,
  "results": [
    {
      "query_id": 1,
      "query": "What are the procedures for presidential elections when the office becomes vacant?",
      "category": "Constitutional Law",
      "initial_indices": [
        5674,
        65,
        5910,
        6145,
        5578,
        508,
        5062,
        6811,
        5029,
        4677
      ],
      "initial_scores": [
        0.825790524482727,
        0.8217243552207947,
        0.8121728897094727,
        0.8108634948730469,
        0.8108381032943726,
        0.8107442855834961,
        0.810696542263031,
        0.8106932640075684,
        0.8105823993682861,
        0.8097729086875916
      ],
      "reranked_indices": [
        5062,
        5578,
        6145,
        5910,
        5029,
        4677,
        5674,
        6811,
        65,
        508
      ],
      "reranked_scores": [
        0.8611985445022583,
        -2.7616870403289795,
        -3.2628164291381836,
        -5.559237480163574,
        -5.970667839050293,
        -8.112125396728516,
        -9.934283256530762,
        -11.128257751464844,
        -11.351884841918945,
        -11.373491287231445
      ],
      "reranking_time": 0.7159824371337891
    },
    {
      "query_id": 2,
      "query": "What are the tax obligations and payment requirements for businesses with quarterly turnover?",
      "category": "Tax Law",
      "initial_indices": [
        5886,
        6277,
        6942,
        6787,
        6811,
        6660,
        4974,
        6659,
        5766,
        6301
      ],
      "initial_scores": [
        0.8811877965927124,
        0.8789163827896118,
        0.8760489225387573,
        0.8752743601799011,
        0.8745436072349548,
        0.8719701170921326,
        0.870697021484375,
        0.8704512715339661,
        0.8695739507675171,
        0.8689416646957397
      ],
      "reranked_indices": [
        4974,
        6277,
        6301,
        5766,
        6811,
        5886,
        6942,
        6787,
        6659,
        6660
      ],
      "reranked_scores": [
        -3.173093318939209,
        -7.749968528747559,
        -8.204733848571777,
        -8.51010513305664,
        -8.851631164550781,
        -9.59412956237793,
        -10.28592300415039,
        -10.758678436279297,
        -11.217094421386719,
        -11.255022048950195
      ],
      "reranking_time": 0.679654598236084
    },
    {
      "query_id": 3,
      "query": "What are the penalty provisions for bribery and undue influence in elections?",
      "category": "Electoral Law",
      "initial_indices": [
        6662,
        5886,
        6660,
        5995,
        6811,
        6655,
        6659,
        5674,
        6942,
        7022
      ],
      "initial_scores": [
        0.863292396068573,
        0.8624045848846436,
        0.8624019622802734,
        0.8623025417327881,
        0.8608317971229553,
        0.8591551184654236,
        0.859043538570404,
        0.8588333129882812,
        0.8582568764686584,
        0.8580376505851746
      ],
      "reranked_indices": [
        5995,
        7022,
        6659,
        6660,
        6811,
        6662,
        5674,
        6655,
        6942,
        5886
      ],
      "reranked_scores": [
        -4.2923150062561035,
        -8.020687103271484,
        -8.045759201049805,
        -9.464096069335938,
        -10.166213989257812,
        -10.185504913330078,
        -10.478702545166016,
        -10.978032112121582,
        -11.096029281616211,
        -11.236613273620605
      ],
      "reranking_time": 0.6670455932617188
    },
    {
      "query_id": 4,
      "query": "What is the process for filing appeals to the Board of Review and Court of Appeal?",
      "category": "Procedural Law",
      "initial_indices": [
        7022,
        7054,
        6415,
        5787,
        7032,
        5519,
        7029,
        4677,
        526,
        5886
      ],
      "initial_scores": [
        0.8343878984451294,
        0.8330481648445129,
        0.8329805731773376,
        0.8313494324684143,
        0.829893171787262,
        0.8284769654273987,
        0.8284549117088318,
        0.8282384872436523,
        0.8275935649871826,
        0.8271639347076416
      ],
      "reranked_indices": [
        5787,
        6415,
        7029,
        526,
        7054,
        5519,
        7032,
        7022,
        4677,
        5886
      ],
      "reranked_scores": [
        -3.1757707595825195,
        -3.254023551940918,
        -7.293823719024658,
        -7.368191242218018,
        -9.554361343383789,
        -9.554821014404297,
        -9.68867301940918,
        -10.656267166137695,
        -10.976638793945312,
        -11.152767181396484
      ],
      "reranking_time": 0.6518528461456299
    },
    {
      "query_id": 5,
      "query": "What are the voting procedures and ballot requirements for parliamentary elections?",
      "category": "Electoral Law",
      "initial_indices": [
        65,
        5674,
        6660,
        508,
        6659,
        6662,
        4249,
        6948,
        6655,
        482
      ],
      "initial_scores": [
        0.7790833115577698,
        0.7743586301803589,
        0.772325873374939,
        0.7709012031555176,
        0.7673574686050415,
        0.7664313316345215,
        0.7655512094497681,
        0.7653816342353821,
        0.7649326324462891,
        0.7624428868293762
      ],
      "reranked_indices": [
        6660,
        5674,
        6948,
        6659,
        6662,
        6655,
        508,
        4249,
        482,
        65
      ],
      "reranked_scores": [
        -4.848599433898926,
        -6.738285064697266,
        -6.894021034240723,
        -8.302755355834961,
        -9.800884246826172,
        -10.918966293334961,
        -11.13035774230957,
        -11.134628295898438,
        -11.16629409790039,
        -11.177587509155273
      ],
      "reranking_time": 0.6691410541534424
    },
    {
      "query_id": 6,
      "query": "How are taxes assessed and collected, and what powers do assessors have?",
      "category": "Tax Law",
      "initial_indices": [
        6811,
        5781,
        5785,
        5778,
        5752,
        5784,
        5763,
        6655,
        6509,
        5790
      ],
      "initial_scores": [
        0.793533980846405,
        0.7921476364135742,
        0.7919560670852661,
        0.7890505194664001,
        0.7884752154350281,
        0.7880884408950806,
        0.7869861721992493,
        0.7865375280380249,
        0.7863439321517944,
        0.7860050797462463
      ],
      "reranked_indices": [
        5781,
        5785,
        5778,
        6509,
        5790,
        5752,
        5763,
        5784,
        6811,
        6655
      ],
      "reranked_scores": [
        -2.6139698028564453,
        -2.6878631114959717,
        -4.2180304527282715,
        -5.8677473068237305,
        -7.240444660186768,
        -7.247104167938232,
        -7.282732009887695,
        -7.806207656860352,
        -7.973159313201904,
        -9.981697082519531
      ],
      "reranking_time": 0.64278244972229
    },
    {
      "query_id": 7,
      "query": "What are the establishment provisions and governance structure of the Defence Academy?",
      "category": "Administrative Law",