{
  "field": "content",
  "initial_method": "BM25",
  "reranker": "cross-encoder/ms-marco-MiniLM-L-6-v2",
  "top_k": 10,
  "num_queries": 10,
  "avg_reranking_time": 0.6759501934051514,
  "results": [
    {
      "query_id": 1,
      "query": "What are the procedures for presidential elections when the office becomes vacant?",
      "category": "Constitutional Law",
      "initial_indices": [
        0,
        6689,
        2308,
        6579,
        6594,
        3947,
        2305,
        6688,
        6668,
        2304
      ],
      "initial_scores": [
        35.37695590955306,
        33.445563582741535,
        31.807093611090473,
        31.157675029230752,
        31.100568020230455,
        30.950948865396313,
        30.66338132830025,
        30.45597873541974,
        30.21289937829893,
        30.04314402157192
      ],
      "reranked_indices": [
        0,
        2308,
        6689,
        2305,
        6594,
        3947,
        6579,
        2304,
        6668,
        6688
      ],
      "reranked_scores": [
        2.805720329284668,
        -6.91548490524292,
        -7.777334213256836,
        -7.9551801681518555,
        -8.84034538269043,
        -8.887965202331543,
        -9.064244270324707,
        -9.886672019958496,
        -10.259727478027344,
        -10.656927108764648
      ],
      "reranking_time": 0.6712923049926758
    },
    {
      "query_id": 2,
      "query": "What are the tax obligations and payment requirements for businesses with quarterly turnover?",
      "category": "Tax Law",
      "initial_indices": [
        3094,
        3093,
        3132,
        3133,
        5775,
        5749,
        2262,
        2975,
        5776,
        2228
      ],
      "initial_scores": [
        34.060866298900585,
        33.78978099441227,
        32.91905235393946,
        32.08984143688807,
        31.420860086346607,
        31.0522694296017,
        30.147189413659465,
        30.044287243437495,
        29.80875345622243,
        29.442442055286303
      ],
      "reranked_indices": [
        3133,
        5775,
        3132,
        3094,
        3093,
        5749,
        5776,
        2262,
        2228,
        2975
      ],
      "reranked_scores": [
        -3.128039598464966,
        -3.355886459350586,
        -3.56840181350708,
        -4.215806007385254,
        -6.7700653076171875,
        -6.801339626312256,
        -7.646248817443848,
        -9.422246932983398,
        -9.78084659576416,
        -10.10881233215332
      ],
      "reranking_time": 0.6490895748138428
    },
    {
      "query_id": 3,
      "query": "What are the penalty provisions for bribery and undue influence in elections?",
      "category": "Electoral Law",
      "initial_indices": [
        3,
        5697,
        123,
        186,
        82,
        6694,
        5822,
        6500,
        1614,
        6693
      ],
      "initial_scores": [
        44.10766492135473,
        38.855207774992174,
        37.42115829085602,
        34.59456349610308,
        34.17027407799399,
        32.93867024944082,
        32.908835495606326,
        32.74491376633971,
        32.31108242611866,
        32.17269865721033
      ],
      "reranked_indices": [
        3,
        123,
        82,
        1614,
        186,
        6693,
        6694,
        6500,
        5697,
        5822
      ],
      "reranked_scores": [
        6.43486213684082,
        4.265795707702637,
        2.9446280002593994,
        1.1786556243896484,
        0.13336952030658722,
        -2.4024863243103027,
        -5.737298965454102,
        -9.57312297821045,
        -10.100812911987305,
        -10.722724914550781
      ],
      "reranking_time": 0.657677412033081
    },
    {
      "query_id": 4,
      "query": "What is the process for filing appeals to the Board of Review and Court of Appeal?",
      "category": "Procedural Law",
      "initial_indices": [
        5787,
        2978,
        6731,
        15,
        1683,
        3181,
        3836,
        4902,
        6560,
        6561
      ],
      "initial_scores": [
        57.87938916319268,
        52.25840613218205,
        52.0715729274591,
        52.044219953394844,
        51.35007336099662,
        50.974545628672146,
        50.617605728622564,
        50.1255472057165,
        49.915551438134614,
        49.731886845151465
      ],
      "reranked_indices": [
        3181,
        15,
        4902,
        5787,
        2978,
        1683,
        6731,
        6561,
        3836,
        6560
      ],
      "reranked_scores": [
        0.405154287815094,
        -0.9724529981613159,
        -2.3811323642730713,
        -3.1757707595825195,
        -4.831234931945801,
        -6.316038131713867,
        -6.362109184265137,
        -7.479848861694336,
        -9.201519966125488,
        -10.186125755310059
      ],
      "reranking_time": 0.7198166847229004
    },
    {
      "query_id": 5,
      "query": "What are the voting procedures and ballot requirements for parliamentary elections?",
      "category": "Electoral Law",
      "initial_indices": [
        117,
        172,
        111,
        178,
        77,
        73,
        1,
        120,
        80,
        139
      ],
      "initial_scores": [
        32.872124414609964,
        29.86316129178074,
        28.96883934218609,
        28.839411025157272,
        28.818292055334503,
        28.763203672975056,
        28.67734416403872,
        28.36611218501376,
        27.456540269926307,
        27.150738103494557
      ],
      "reranked_indices": [
        1,
        120,
        172,
        80,
        139,
        111,
        73,
        117,
        178,
        77
      ],
      "reranked_scores": [
        -0.9966225624084473,
        -3.3800065517425537,
        -3.6486802101135254,
        -3.9413275718688965,
        -3.957529067993164,
        -4.5290327072143555,
        -4.687028884887695,
        -5.371509552001953,
        -5.718493461608887,
        -6.667112827301025
      ],
      "reranking_time": 0.6850452423095703
    },
    {
      "query_id": 6,
      "query": "How are taxes assessed and collected, and what powers do assessors have?",
      "category": "Tax Law",
      "initial_indices": [
        2617,
        629,
        2776,
        2778,
        3836,
        5970,
        3725,
        3964,
        2168,
        3224
      ],
      "initial_scores": [
        28.819593536775905,
        25.15749141580469,
        24.478354050601027,
        24.241248141549264,
        23.301144294302652,
        21.892946788820772,
        21.695360546418858,
        20.47662702470977,
        20.21956509316312,
        20.048729384220614
      ],
      "reranked_indices": [
        629,
        2776,
        3224,
        2778,
        3725,
        2168,
        5970,
        3836,
        3964,
        2617
      ],
      "reranked_scores": [
        -1.4331657886505127,
        -2.7884128093719482,
        -3.7185752391815186,
        -4.595273971557617,
        -8.360343933105469,
        -8.616203308105469,
        -9.519631385803223,
        -9.778801918029785,
        -10.323646545410156,
        -11.235963821411133
      ],
      "reranking_time": 0.715501070022583
    },
    {
      "query_id": 7,
      "query": "What are the establishment provisions and governance structure of the Defence Academy?",
      "category": "Administrative Law",
      "initial_indices": [
        6335,
        6909,
        5662,
        6561,
        537,
        2656,
        1355,
        6795,
        6665,
        4301
      ],